step,train_total,train_sup,train_adv,train_unsup,train_disc,val_loss,val_token_acc,pseudo_chunks,pseudo_notes
50,6.375295,6.375295,0.000000,0.000000,0.000000,,,0,0
100,5.869520,5.869520,0.000000,0.000000,0.000000,,,0,0
150,5.655355,5.655355,0.000000,0.000000,0.000000,,,0,0
200,5.435082,5.435082,0.000000,0.000000,0.000000,,,0,0
250,5.264275,5.264275,0.000000,0.000000,0.000000,,,0,0
300,5.143756,5.143756,0.000000,0.000000,0.000000,,,0,0
350,4.977110,4.977110,0.000000,0.000000,0.000000,,,0,0
400,4.834490,4.834490,0.000000,0.000000,0.000000,,,0,0
450,4.675701,4.675701,0.000000,0.000000,0.000000,,,0,0
500,4.573145,4.573145,0.000000,0.000000,0.000000,,,0,0
550,4.450080,4.450080,0.000000,0.000000,0.000000,,,0,0
600,4.387236,4.387236,0.000000,0.000000,0.000000,,,0,0
650,4.208427,4.208427,0.000000,0.000000,0.000000,,,0,0
700,4.147734,4.147734,0.000000,0.000000,0.000000,,,0,0
750,4.051648,4.051648,0.000000,0.000000,0.000000,,,0,0
800,3.938914,3.938914,0.000000,0.000000,0.000000,,,0,0
850,3.823869,3.823869,0.000000,0.000000,0.000000,,,0,0
900,3.757808,3.757808,0.000000,0.000000,0.000000,,,0,0
950,3.730118,3.730118,0.000000,0.000000,0.000000,,,0,0
1000,3.620872,3.620872,0.000000,0.000000,0.000000,,,0,0
1050,3.521468,3.521468,0.000000,0.000000,0.000000,,,0,0
1100,3.492894,3.492894,0.000000,0.000000,0.000000,,,0,0
1150,3.434101,3.434101,0.000000,0.000000,0.000000,,,0,0
1200,3.350630,3.350630,0.000000,0.000000,0.000000,,,0,0
1250,3.276681,3.276681,0.000000,0.000000,0.000000,,,0,0
1300,3.161554,3.161554,0.000000,0.000000,0.000000,,,0,0
1350,3.143322,3.143322,0.000000,0.000000,0.000000,,,0,0
1400,3.026345,3.026345,0.000000,0.000000,0.000000,,,0,0
1450,2.917256,2.917256,0.000000,0.000000,0.000000,,,0,0
1500,2.933055,2.933055,0.000000,0.000000,0.000000,,,0,0
1550,2.847483,2.847483,0.000000,0.000000,0.000000,,,0,0
1600,2.785060,2.785060,0.000000,0.000000,0.000000,,,0,0
1650,2.700230,2.700230,0.000000,0.000000,0.000000,,,0,0
1700,2.622729,2.622729,0.000000,0.000000,0.000000,,,0,0
1750,2.651949,2.651949,0.000000,0.000000,0.000000,,,0,0
1800,2.540732,2.540732,0.000000,0.000000,0.000000,,,0,0
1850,2.469010,2.469010,0.000000,0.000000,0.000000,,,0,0
1900,2.404197,2.404197,0.000000,0.000000,0.000000,,,0,0
1950,2.324356,2.324356,0.000000,0.000000,0.000000,,,0,0
2000,2.332615,2.332615,0.000000,0.000000,0.000000,,,0,0
2000,,,,,,3.130551,0.000000,,
2050,2.321236,2.321236,0.000000,0.000000,0.000000,,,0,0
2100,2.251507,2.251507,0.000000,0.000000,0.000000,,,0,0
2150,2.168311,2.168311,0.000000,0.000000,0.000000,,,0,0
2200,2.151962,2.151962,0.000000,0.000000,0.000000,,,0,0
2250,2.143640,2.143640,0.000000,0.000000,0.000000,,,0,0
2300,2.016161,2.016161,0.000000,0.000000,0.000000,,,0,0
2350,2.074443,2.074443,0.000000,0.000000,0.000000,,,0,0
2400,2.023008,2.023008,0.000000,0.000000,0.000000,,,0,0
2450,2.033017,2.033017,0.000000,0.000000,0.000000,,,0,0
2500,1.942674,1.942674,0.000000,0.000000,0.000000,,,0,0
2550,1.959827,1.959827,0.000000,0.000000,0.000000,,,0,0
2600,1.900208,1.900208,0.000000,0.000000,0.000000,,,0,0
2650,1.838110,1.838110,0.000000,0.000000,0.000000,,,0,0
2700,1.810571,1.810571,0.000000,0.000000,0.000000,,,0,0
2750,1.766774,1.766774,0.000000,0.000000,0.000000,,,0,0
2800,1.778246,1.778246,0.000000,0.000000,0.000000,,,0,0
2850,1.737064,1.737064,0.000000,0.000000,0.000000,,,0,0
2900,1.723923,1.723923,0.000000,0.000000,0.000000,,,0,0
2950,1.717939,1.717939,0.000000,0.000000,0.000000,,,0,0
3000,1.689051,1.689051,0.000000,0.000000,0.000000,,,0,0
3050,1.741487,1.741487,0.000000,0.000000,0.000000,,,0,0
3100,1.697378,1.697378,0.000000,0.000000,0.000000,,,0,0
3150,1.580424,1.580424,0.000000,0.000000,0.000000,,,0,0
3200,1.606732,1.606732,0.000000,0.000000,0.000000,,,0,0
3250,1.614581,1.614581,0.000000,0.000000,0.000000,,,0,0
3300,1.589675,1.589675,0.000000,0.000000,0.000000,,,0,0
3350,1.541364,1.541364,0.000000,0.000000,0.000000,,,0,0
3400,1.541081,1.541081,0.000000,0.000000,0.000000,,,0,0
3450,1.532477,1.532477,0.000000,0.000000,0.000000,,,0,0
3500,1.555437,1.555437,0.000000,0.000000,0.000000,,,0,0
3550,1.496194,1.496194,0.000000,0.000000,0.000000,,,0,0
3600,1.509947,1.509947,0.000000,0.000000,0.000000,,,0,0
3650,1.480252,1.480252,0.000000,0.000000,0.000000,,,0,0
3700,1.442223,1.442223,0.000000,0.000000,0.000000,,,0,0
3750,1.441825,1.441825,0.000000,0.000000,0.000000,,,0,0
3800,1.449045,1.449045,0.000000,0.000000,0.000000,,,0,0
3850,1.402473,1.402473,0.000000,0.000000,0.000000,,,0,0
3900,1.388015,1.388015,0.000000,0.000000,0.000000,,,0,0
3950,1.380697,1.380697,0.000000,0.000000,0.000000,,,0,0
4000,1.398301,1.398301,0.000000,0.000000,0.000000,,,0,0
4000,,,,,,2.764040,0.000000,,
4050,1.375780,1.375780,0.000000,0.000000,0.000000,,,0,0
4100,1.373666,1.373666,0.000000,0.000000,0.000000,,,0,0
4150,1.338549,1.338549,0.000000,0.000000,0.000000,,,0,0
4200,1.405014,1.405014,0.000000,0.000000,0.000000,,,0,0
4250,1.337715,1.337715,0.000000,0.000000,0.000000,,,0,0
4300,1.354899,1.354899,0.000000,0.000000,0.000000,,,0,0
4350,1.276546,1.276546,0.000000,0.000000,0.000000,,,0,0
4400,1.278445,1.278445,0.000000,0.000000,0.000000,,,0,0
4450,1.321874,1.321874,0.000000,0.000000,0.000000,,,0,0
4500,1.289022,1.289022,0.000000,0.000000,0.000000,,,0,0
4550,1.272309,1.272309,0.000000,0.000000,0.000000,,,0,0
4600,1.262065,1.262065,0.000000,0.000000,0.000000,,,0,0
4650,1.275233,1.275233,0.000000,0.000000,0.000000,,,0,0
4700,1.254043,1.254043,0.000000,0.000000,0.000000,,,0,0
4750,1.232308,1.232308,0.000000,0.000000,0.000000,,,0,0
4800,1.281384,1.281384,0.000000,0.000000,0.000000,,,0,0
4850,1.222628,1.222628,0.000000,0.000000,0.000000,,,0,0
4900,1.203546,1.203546,0.000000,0.000000,0.000000,,,0,0
4950,1.224641,1.224641,0.000000,0.000000,0.000000,,,0,0
5000,1.186863,1.186863,0.000000,0.000000,0.000000,,,0,0
5050,1.233465,1.233465,0.000000,0.000000,0.000000,,,0,0
5100,1.160361,1.160361,0.000000,0.000000,0.000000,,,0,0
5150,1.219457,1.219457,0.000000,0.000000,0.000000,,,0,0
5200,1.141554,1.141554,0.000000,0.000000,0.000000,,,0,0
5250,1.162075,1.162075,0.000000,0.000000,0.000000,,,0,0
5300,1.149815,1.149815,0.000000,0.000000,0.000000,,,0,0
5350,1.156116,1.156116,0.000000,0.000000,0.000000,,,0,0
5400,1.145964,1.145964,0.000000,0.000000,0.000000,,,0,0
5450,1.164074,1.164074,0.000000,0.000000,0.000000,,,0,0
5500,1.133024,1.133024,0.000000,0.000000,0.000000,,,0,0
5550,1.132827,1.132827,0.000000,0.000000,0.000000,,,0,0
5600,1.089910,1.089910,0.000000,0.000000,0.000000,,,0,0
5650,1.104207,1.104207,0.000000,0.000000,0.000000,,,0,0
5700,1.102907,1.102907,0.000000,0.000000,0.000000,,,0,0
5750,1.110711,1.110711,0.000000,0.000000,0.000000,,,0,0
5800,1.096654,1.096654,0.000000,0.000000,0.000000,,,0,0
5850,1.104982,1.104982,0.000000,0.000000,0.000000,,,0,0
5900,1.095942,1.095942,0.000000,0.000000,0.000000,,,0,0
5950,1.087700,1.087700,0.000000,0.000000,0.000000,,,0,0
6000,1.032384,1.032384,0.000000,0.000000,0.000000,,,0,0
6000,,,,,,2.785804,0.000000,,
6050,1.112140,1.112140,0.000000,0.000000,0.000000,,,0,0
6100,1.038854,1.038854,0.000000,0.000000,0.000000,,,0,0
6150,1.051926,1.051926,0.000000,0.000000,0.000000,,,0,0
6200,1.008680,1.008680,0.000000,0.000000,0.000000,,,0,0
6250,1.073270,1.073270,0.000000,0.000000,0.000000,,,0,0
6300,1.046133,1.046133,0.000000,0.000000,0.000000,,,0,0
6350,1.069858,1.069858,0.000000,0.000000,0.000000,,,0,0
6400,1.062949,1.062949,0.000000,0.000000,0.000000,,,0,0
6450,1.062125,1.062125,0.000000,0.000000,0.000000,,,0,0
6500,1.031342,1.031342,0.000000,0.000000,0.000000,,,0,0
6550,1.025055,1.025055,0.000000,0.000000,0.000000,,,0,0
6600,0.999672,0.999672,0.000000,0.000000,0.000000,,,0,0
6650,1.028590,1.028590,0.000000,0.000000,0.000000,,,0,0
6700,1.023923,1.023923,0.000000,0.000000,0.000000,,,0,0
6750,1.001112,1.001112,0.000000,0.000000,0.000000,,,0,0
6800,1.013853,1.013853,0.000000,0.000000,0.000000,,,0,0
6850,0.985719,0.985719,0.000000,0.000000,0.000000,,,0,0
6900,0.981851,0.981851,0.000000,0.000000,0.000000,,,0,0
6950,1.009009,1.009009,0.000000,0.000000,0.000000,,,0,0
7000,0.970267,0.970267,0.000000,0.000000,0.000000,,,0,0
7050,1.015010,1.015010,0.000000,0.000000,0.000000,,,0,0
7100,0.980485,0.980485,0.000000,0.000000,0.000000,,,0,0
7150,0.967022,0.967022,0.000000,0.000000,0.000000,,,0,0
7200,0.937169,0.937169,0.000000,0.000000,0.000000,,,0,0
7250,0.985009,0.985009,0.000000,0.000000,0.000000,,,0,0
7300,0.965707,0.965707,0.000000,0.000000,0.000000,,,0,0
7350,0.936763,0.936763,0.000000,0.000000,0.000000,,,0,0
7400,0.988173,0.988173,0.000000,0.000000,0.000000,,,0,0
7450,0.950702,0.950702,0.000000,0.000000,0.000000,,,0,0
7500,0.919831,0.919831,0.000000,0.000000,0.000000,,,0,0
7550,0.921440,0.921440,0.000000,0.000000,0.000000,,,0,0
7600,0.948655,0.948655,0.000000,0.000000,0.000000,,,0,0
7650,0.928973,0.928973,0.000000,0.000000,0.000000,,,0,0
7700,0.944982,0.944982,0.000000,0.000000,0.000000,,,0,0
7750,0.919867,0.919867,0.000000,0.000000,0.000000,,,0,0
7800,0.942295,0.942295,0.000000,0.000000,0.000000,,,0,0
7850,0.908333,0.908333,0.000000,0.000000,0.000000,,,0,0
7900,0.895434,0.895434,0.000000,0.000000,0.000000,,,0,0
7950,0.914487,0.914487,0.000000,0.000000,0.000000,,,0,0
8000,0.908574,0.908574,0.000000,0.000000,0.000000,,,0,0
8000,,,,,,2.840980,0.000000,,
8050,0.890098,0.890098,0.000000,0.000000,0.000000,,,0,0
8100,0.928518,0.928518,0.000000,0.000000,0.000000,,,0,0
8150,0.883749,0.883749,0.000000,0.000000,0.000000,,,0,0
8200,0.904121,0.904121,0.000000,0.000000,0.000000,,,0,0
8250,0.922494,0.922494,0.000000,0.000000,0.000000,,,0,0
8300,0.910082,0.910082,0.000000,0.000000,0.000000,,,0,0
8350,0.911867,0.911867,0.000000,0.000000,0.000000,,,0,0
8400,0.896048,0.896048,0.000000,0.000000,0.000000,,,0,0
8450,0.891105,0.891105,0.000000,0.000000,0.000000,,,0,0
8500,0.882392,0.882392,0.000000,0.000000,0.000000,,,0,0
8550,0.865965,0.865965,0.000000,0.000000,0.000000,,,0,0
8600,0.851881,0.851881,0.000000,0.000000,0.000000,,,0,0
8650,0.862820,0.862820,0.000000,0.000000,0.000000,,,0,0
8700,0.850298,0.850298,0.000000,0.000000,0.000000,,,0,0
8750,0.866243,0.866243,0.000000,0.000000,0.000000,,,0,0
8800,0.857238,0.857238,0.000000,0.000000,0.000000,,,0,0
8850,0.863815,0.863815,0.000000,0.000000,0.000000,,,0,0
8900,0.856570,0.856570,0.000000,0.000000,0.000000,,,0,0
8950,0.868608,0.868608,0.000000,0.000000,0.000000,,,0,0
9000,0.862022,0.862022,0.000000,0.000000,0.000000,,,0,0
9050,0.850979,0.850979,0.000000,0.000000,0.000000,,,0,0
9100,0.846396,0.846396,0.000000,0.000000,0.000000,,,0,0
9150,0.832803,0.832803,0.000000,0.000000,0.000000,,,0,0
9200,0.865968,0.865968,0.000000,0.000000,0.000000,,,0,0
9250,0.867456,0.867456,0.000000,0.000000,0.000000,,,0,0
9300,0.847573,0.847573,0.000000,0.000000,0.000000,,,0,0
9350,0.851545,0.851545,0.000000,0.000000,0.000000,,,0,0
9400,0.820496,0.820496,0.000000,0.000000,0.000000,,,0,0
9450,0.851369,0.851369,0.000000,0.000000,0.000000,,,0,0
9500,0.811041,0.811041,0.000000,0.000000,0.000000,,,0,0
9550,0.807897,0.807897,0.000000,0.000000,0.000000,,,0,0
9600,0.846666,0.846666,0.000000,0.000000,0.000000,,,0,0
9650,0.842514,0.842514,0.000000,0.000000,0.000000,,,0,0
9700,0.831841,0.831841,0.000000,0.000000,0.000000,,,0,0
9750,0.838109,0.838109,0.000000,0.000000,0.000000,,,0,0
9800,0.808070,0.808070,0.000000,0.000000,0.000000,,,0,0
9850,0.805620,0.805620,0.000000,0.000000,0.000000,,,0,0
9900,0.776303,0.776303,0.000000,0.000000,0.000000,,,0,0
9950,0.818683,0.818683,0.000000,0.000000,0.000000,,,0,0
10000,0.771475,0.771475,0.000000,0.000000,0.000000,,,0,0
10000,,,,,,2.900930,0.000000,,
10050,0.806575,0.806575,0.000000,0.000000,0.000000,,,0,0
10100,0.805737,0.805737,0.000000,0.000000,0.000000,,,0,0
10150,0.791341,0.791341,0.000000,0.000000,0.000000,,,0,0
10200,0.796739,0.796739,0.000000,0.000000,0.000000,,,0,0
10250,0.782658,0.782658,0.000000,0.000000,0.000000,,,0,0
10300,0.805577,0.805577,0.000000,0.000000,0.000000,,,0,0
10350,0.775877,0.775877,0.000000,0.000000,0.000000,,,0,0
10400,0.791532,0.791532,0.000000,0.000000,0.000000,,,0,0
10450,0.780501,0.780501,0.000000,0.000000,0.000000,,,0,0
10500,0.784073,0.784073,0.000000,0.000000,0.000000,,,0,0
10550,0.797802,0.797802,0.000000,0.000000,0.000000,,,0,0
10600,0.766130,0.766130,0.000000,0.000000,0.000000,,,0,0
10650,0.782758,0.782758,0.000000,0.000000,0.000000,,,0,0
10700,0.783484,0.783484,0.000000,0.000000,0.000000,,,0,0
10750,0.756350,0.756350,0.000000,0.000000,0.000000,,,0,0
10800,0.755275,0.755275,0.000000,0.000000,0.000000,,,0,0
10850,0.762552,0.762552,0.000000,0.000000,0.000000,,,0,0
10900,0.771163,0.771163,0.000000,0.000000,0.000000,,,0,0
10950,0.750289,0.750289,0.000000,0.000000,0.000000,,,0,0
11000,0.752214,0.752214,0.000000,0.000000,0.000000,,,0,0
11050,0.772616,0.772616,0.000000,0.000000,0.000000,,,0,0
11100,0.775160,0.775160,0.000000,0.000000,0.000000,,,0,0
11150,0.752676,0.752676,0.000000,0.000000,0.000000,,,0,0
11200,0.758051,0.758051,0.000000,0.000000,0.000000,,,0,0
11250,0.753015,0.753015,0.000000,0.000000,0.000000,,,0,0
11300,0.762742,0.762742,0.000000,0.000000,0.000000,,,0,0
11350,0.761897,0.761897,0.000000,0.000000,0.000000,,,0,0
11400,0.741506,0.741506,0.000000,0.000000,0.000000,,,0,0
11450,0.748945,0.748945,0.000000,0.000000,0.000000,,,0,0
11500,0.736183,0.736183,0.000000,0.000000,0.000000,,,0,0
11550,0.739416,0.739416,0.000000,0.000000,0.000000,,,0,0
11600,0.748373,0.748373,0.000000,0.000000,0.000000,,,0,0
11650,0.746422,0.746422,0.000000,0.000000,0.000000,,,0,0
11700,0.737398,0.737398,0.000000,0.000000,0.000000,,,0,0
11750,0.730903,0.730903,0.000000,0.000000,0.000000,,,0,0
11800,0.738391,0.738391,0.000000,0.000000,0.000000,,,0,0
11850,0.736570,0.736570,0.000000,0.000000,0.000000,,,0,0
11900,0.711055,0.711055,0.000000,0.000000,0.000000,,,0,0
11950,0.716988,0.716988,0.000000,0.000000,0.000000,,,0,0
12000,0.714321,0.714321,0.000000,0.000000,0.000000,,,0,0
12000,,,,,,3.024675,0.000000,,
12050,0.735774,0.735774,0.000000,0.000000,0.000000,,,0,0
12100,0.743239,0.743239,0.000000,0.000000,0.000000,,,0,0
12150,0.725568,0.725568,0.000000,0.000000,0.000000,,,0,0
12200,0.683427,0.683427,0.000000,0.000000,0.000000,,,0,0
12250,0.731056,0.731056,0.000000,0.000000,0.000000,,,0,0
12300,0.712309,0.712309,0.000000,0.000000,0.000000,,,0,0
12350,0.695021,0.695021,0.000000,0.000000,0.000000,,,0,0
12400,0.715360,0.715360,0.000000,0.000000,0.000000,,,0,0
12450,0.693824,0.693824,0.000000,0.000000,0.000000,,,0,0
12500,0.692218,0.692218,0.000000,0.000000,0.000000,,,0,0
12550,0.670514,0.670514,0.000000,0.000000,0.000000,,,0,0
12600,0.686262,0.686262,0.000000,0.000000,0.000000,,,0,0
12650,0.703356,0.703356,0.000000,0.000000,0.000000,,,0,0
12700,0.720723,0.720723,0.000000,0.000000,0.000000,,,0,0
12750,0.705685,0.705685,0.000000,0.000000,0.000000,,,0,0
12800,0.709543,0.709543,0.000000,0.000000,0.000000,,,0,0
12850,0.674095,0.674095,0.000000,0.000000,0.000000,,,0,0
12900,0.679349,0.679349,0.000000,0.000000,0.000000,,,0,0
12950,0.693914,0.693914,0.000000,0.000000,0.000000,,,0,0
13000,0.683070,0.683070,0.000000,0.000000,0.000000,,,0,0
13050,0.690533,0.690533,0.000000,0.000000,0.000000,,,0,0
13100,0.691032,0.691032,0.000000,0.000000,0.000000,,,0,0
13150,0.689804,0.689804,0.000000,0.000000,0.000000,,,0,0
13200,0.682614,0.682614,0.000000,0.000000,0.000000,,,0,0
13250,0.708605,0.708605,0.000000,0.000000,0.000000,,,0,0
13300,0.674697,0.674697,0.000000,0.000000,0.000000,,,0,0
13350,0.684424,0.684424,0.000000,0.000000,0.000000,,,0,0
13400,0.699406,0.699406,0.000000,0.000000,0.000000,,,0,0
13450,0.675701,0.675701,0.000000,0.000000,0.000000,,,0,0
13500,0.668188,0.668188,0.000000,0.000000,0.000000,,,0,0
13550,0.648426,0.648426,0.000000,0.000000,0.000000,,,0,0
13600,0.655170,0.655170,0.000000,0.000000,0.000000,,,0,0
13650,0.703592,0.703592,0.000000,0.000000,0.000000,,,0,0
13700,0.677200,0.677200,0.000000,0.000000,0.000000,,,0,0
13750,0.658850,0.658850,0.000000,0.000000,0.000000,,,0,0
13800,0.670005,0.670005,0.000000,0.000000,0.000000,,,0,0
13850,0.654024,0.654024,0.000000,0.000000,0.000000,,,0,0
13900,0.680842,0.680842,0.000000,0.000000,0.000000,,,0,0
13950,0.662183,0.662183,0.000000,0.000000,0.000000,,,0,0
14000,0.645745,0.645745,0.000000,0.000000,0.000000,,,0,0
14000,,,,,,3.093538,0.000000,,
14050,0.665754,0.665754,0.000000,0.000000,0.000000,,,0,0
14100,0.675372,0.675372,0.000000,0.000000,0.000000,,,0,0
14150,0.674539,0.674539,0.000000,0.000000,0.000000,,,0,0
14200,0.664553,0.664553,0.000000,0.000000,0.000000,,,0,0
14250,0.662800,0.662800,0.000000,0.000000,0.000000,,,0,0
14300,0.664522,0.664522,0.000000,0.000000,0.000000,,,0,0
14350,0.663619,0.663619,0.000000,0.000000,0.000000,,,0,0
14400,0.654876,0.654876,0.000000,0.000000,0.000000,,,0,0
14450,0.628240,0.628240,0.000000,0.000000,0.000000,,,0,0
14500,0.656211,0.656211,0.000000,0.000000,0.000000,,,0,0
14550,0.645857,0.645857,0.000000,0.000000,0.000000,,,0,0
14600,0.644392,0.644392,0.000000,0.000000,0.000000,,,0,0
14650,0.648211,0.648211,0.000000,0.000000,0.000000,,,0,0
14700,0.647498,0.647498,0.000000,0.000000,0.000000,,,0,0
14750,0.635383,0.635383,0.000000,0.000000,0.000000,,,0,0
14800,0.630855,0.630855,0.000000,0.000000,0.000000,,,0,0
14850,0.636998,0.636998,0.000000,0.000000,0.000000,,,0,0
14900,0.642934,0.642934,0.000000,0.000000,0.000000,,,0,0
14950,0.648916,0.648916,0.000000,0.000000,0.000000,,,0,0
15000,0.632121,0.632121,0.000000,0.000000,0.000000,,,0,0
15050,0.637518,0.637518,0.000000,0.000000,0.000000,,,0,0
15100,0.648089,0.648089,0.000000,0.000000,0.000000,,,0,0
15150,0.626294,0.626294,0.000000,0.000000,0.000000,,,0,0
15200,0.620796,0.620796,0.000000,0.000000,0.000000,,,0,0
15250,0.637990,0.637990,0.000000,0.000000,0.000000,,,0,0
15300,0.623349,0.623349,0.000000,0.000000,0.000000,,,0,0
15350,0.606526,0.606526,0.000000,0.000000,0.000000,,,0,0
15400,0.619772,0.619772,0.000000,0.000000,0.000000,,,0,0
15450,0.605428,0.605428,0.000000,0.000000,0.000000,,,0,0
15500,0.620350,0.620350,0.000000,0.000000,0.000000,,,0,0
15550,0.614375,0.614375,0.000000,0.000000,0.000000,,,0,0
15600,0.621041,0.621041,0.000000,0.000000,0.000000,,,0,0
15650,0.613801,0.613801,0.000000,0.000000,0.000000,,,0,0
15700,0.604655,0.604655,0.000000,0.000000,0.000000,,,0,0
15750,0.622917,0.622917,0.000000,0.000000,0.000000,,,0,0
15800,0.620544,0.620544,0.000000,0.000000,0.000000,,,0,0
15850,0.596062,0.596062,0.000000,0.000000,0.000000,,,0,0
15900,0.625283,0.625283,0.000000,0.000000,0.000000,,,0,0
15950,0.604324,0.604324,0.000000,0.000000,0.000000,,,0,0
16000,0.613604,0.613604,0.000000,0.000000,0.000000,,,0,0
16000,,,,,,3.259771,0.000000,,
16050,0.625988,0.625988,0.000000,0.000000,0.000000,,,0,0
16100,0.629132,0.629132,0.000000,0.000000,0.000000,,,0,0
16150,0.609216,0.609216,0.000000,0.000000,0.000000,,,0,0
16200,0.611087,0.611087,0.000000,0.000000,0.000000,,,0,0
16250,0.613599,0.613599,0.000000,0.000000,0.000000,,,0,0
16300,0.617881,0.617881,0.000000,0.000000,0.000000,,,0,0
16350,0.618993,0.618993,0.000000,0.000000,0.000000,,,0,0
16400,0.586891,0.586891,0.000000,0.000000,0.000000,,,0,0
16450,0.602005,0.602005,0.000000,0.000000,0.000000,,,0,0
16500,0.591958,0.591958,0.000000,0.000000,0.000000,,,0,0
16550,0.582017,0.582017,0.000000,0.000000,0.000000,,,0,0
16600,0.602932,0.602932,0.000000,0.000000,0.000000,,,0,0
16650,0.601205,0.601205,0.000000,0.000000,0.000000,,,0,0
16700,0.601467,0.601467,0.000000,0.000000,0.000000,,,0,0
16750,0.592277,0.592277,0.000000,0.000000,0.000000,,,0,0
16800,0.591810,0.591810,0.000000,0.000000,0.000000,,,0,0
16850,0.593879,0.593879,0.000000,0.000000,0.000000,,,0,0
16900,0.595030,0.595030,0.000000,0.000000,0.000000,,,0,0
16950,0.592487,0.592487,0.000000,0.000000,0.000000,,,0,0
17000,0.598458,0.598458,0.000000,0.000000,0.000000,,,0,0
17050,0.594789,0.594789,0.000000,0.000000,0.000000,,,0,0
17100,0.596561,0.596561,0.000000,0.000000,0.000000,,,0,0
17150,0.564332,0.564332,0.000000,0.000000,0.000000,,,0,0
17200,0.593228,0.593228,0.000000,0.000000,0.000000,,,0,0
17250,0.586720,0.586720,0.000000,0.000000,0.000000,,,0,0
17300,0.585522,0.585522,0.000000,0.000000,0.000000,,,0,0
17350,0.580009,0.580009,0.000000,0.000000,0.000000,,,0,0
17400,0.594174,0.594174,0.000000,0.000000,0.000000,,,0,0
17450,0.581652,0.581652,0.000000,0.000000,0.000000,,,0,0
17500,0.586014,0.586014,0.000000,0.000000,0.000000,,,0,0
17550,0.579084,0.579084,0.000000,0.000000,0.000000,,,0,0
17600,0.575760,0.575760,0.000000,0.000000,0.000000,,,0,0
17650,0.574341,0.574341,0.000000,0.000000,0.000000,,,0,0
17700,0.586580,0.586580,0.000000,0.000000,0.000000,,,0,0
17750,0.581736,0.581736,0.000000,0.000000,0.000000,,,0,0
17800,0.576981,0.576981,0.000000,0.000000,0.000000,,,0,0
17850,0.567935,0.567935,0.000000,0.000000,0.000000,,,0,0
17900,0.574926,0.574926,0.000000,0.000000,0.000000,,,0,0
17950,0.569621,0.569621,0.000000,0.000000,0.000000,,,0,0
18000,0.560126,0.560126,0.000000,0.000000,0.000000,,,0,0
18000,,,,,,3.270702,0.000000,,
18050,0.544726,0.544726,0.000000,0.000000,0.000000,,,0,0
18100,0.558833,0.558833,0.000000,0.000000,0.000000,,,0,0
18150,0.565925,0.565925,0.000000,0.000000,0.000000,,,0,0
18200,0.588299,0.588299,0.000000,0.000000,0.000000,,,0,0
18250,0.564631,0.564631,0.000000,0.000000,0.000000,,,0,0
18300,0.568094,0.568094,0.000000,0.000000,0.000000,,,0,0
18350,0.544392,0.544392,0.000000,0.000000,0.000000,,,0,0
18400,0.573602,0.573602,0.000000,0.000000,0.000000,,,0,0
18450,0.563192,0.563192,0.000000,0.000000,0.000000,,,0,0
18500,0.557234,0.557234,0.000000,0.000000,0.000000,,,0,0
18550,0.541265,0.541265,0.000000,0.000000,0.000000,,,0,0
18600,0.541838,0.541838,0.000000,0.000000,0.000000,,,0,0
18650,0.552389,0.552389,0.000000,0.000000,0.000000,,,0,0
18700,0.559310,0.559310,0.000000,0.000000,0.000000,,,0,0
18750,0.550922,0.550922,0.000000,0.000000,0.000000,,,0,0
18800,0.582309,0.582309,0.000000,0.000000,0.000000,,,0,0
18850,0.553543,0.553543,0.000000,0.000000,0.000000,,,0,0
18900,0.553080,0.553080,0.000000,0.000000,0.000000,,,0,0
18950,0.550963,0.550963,0.000000,0.000000,0.000000,,,0,0
19000,0.539792,0.539792,0.000000,0.000000,0.000000,,,0,0
19050,0.552738,0.552738,0.000000,0.000000,0.000000,,,0,0
19100,0.545164,0.545164,0.000000,0.000000,0.000000,,,0,0
19150,0.542119,0.542119,0.000000,0.000000,0.000000,,,0,0
19200,0.540493,0.540493,0.000000,0.000000,0.000000,,,0,0
19250,0.539349,0.539349,0.000000,0.000000,0.000000,,,0,0
19300,0.549618,0.549618,0.000000,0.000000,0.000000,,,0,0
19350,0.545628,0.545628,0.000000,0.000000,0.000000,,,0,0
19400,0.544217,0.544217,0.000000,0.000000,0.000000,,,0,0
19450,0.541148,0.541148,0.000000,0.000000,0.000000,,,0,0
19500,0.548005,0.548005,0.000000,0.000000,0.000000,,,0,0
19550,0.563617,0.563617,0.000000,0.000000,0.000000,,,0,0
19600,0.538079,0.538079,0.000000,0.000000,0.000000,,,0,0
19650,0.532844,0.532844,0.000000,0.000000,0.000000,,,0,0
19700,0.544592,0.544592,0.000000,0.000000,0.000000,,,0,0
19750,0.541554,0.541554,0.000000,0.000000,0.000000,,,0,0
19800,0.538267,0.538267,0.000000,0.000000,0.000000,,,0,0
19850,0.533460,0.533460,0.000000,0.000000,0.000000,,,0,0
19900,0.532270,0.532270,0.000000,0.000000,0.000000,,,0,0
19950,0.543917,0.543917,0.000000,0.000000,0.000000,,,0,0
20000,0.524396,0.524396,0.000000,0.000000,0.000000,,,0,0
20000,,,,,,3.339406,0.000000,,
20050,0.547128,0.547128,0.000000,0.000000,0.000000,,,0,0
20100,0.528905,0.528905,0.000000,0.000000,0.000000,,,0,0
20150,0.541378,0.541378,0.000000,0.000000,0.000000,,,0,0
20200,0.508335,0.508335,0.000000,0.000000,0.000000,,,0,0
20250,0.544473,0.544473,0.000000,0.000000,0.000000,,,0,0
20300,0.527921,0.527921,0.000000,0.000000,0.000000,,,0,0
20350,0.532552,0.532552,0.000000,0.000000,0.000000,,,0,0
20400,0.532971,0.532971,0.000000,0.000000,0.000000,,,0,0
20450,0.537649,0.537649,0.000000,0.000000,0.000000,,,0,0
20500,0.542585,0.542585,0.000000,0.000000,0.000000,,,0,0
20550,0.531680,0.531680,0.000000,0.000000,0.000000,,,0,0
20600,0.517609,0.517609,0.000000,0.000000,0.000000,,,0,0
20650,0.525517,0.525517,0.000000,0.000000,0.000000,,,0,0
20700,0.521948,0.521948,0.000000,0.000000,0.000000,,,0,0
20750,0.527059,0.527059,0.000000,0.000000,0.000000,,,0,0
20800,0.513032,0.513032,0.000000,0.000000,0.000000,,,0,0
20850,0.516647,0.516647,0.000000,0.000000,0.000000,,,0,0
20900,0.533139,0.533139,0.000000,0.000000,0.000000,,,0,0
20950,0.510804,0.510804,0.000000,0.000000,0.000000,,,0,0
21000,0.524875,0.524875,0.000000,0.000000,0.000000,,,0,0
21050,0.511151,0.511151,0.000000,0.000000,0.000000,,,0,0
21100,0.537318,0.537318,0.000000,0.000000,0.000000,,,0,0
21150,0.508914,0.508914,0.000000,0.000000,0.000000,,,0,0
21200,0.526295,0.526295,0.000000,0.000000,0.000000,,,0,0
21250,0.525740,0.525740,0.000000,0.000000,0.000000,,,0,0
21300,0.508217,0.508217,0.000000,0.000000,0.000000,,,0,0
21350,0.515018,0.515018,0.000000,0.000000,0.000000,,,0,0
21400,0.512794,0.512794,0.000000,0.000000,0.000000,,,0,0
21450,0.535101,0.535101,0.000000,0.000000,0.000000,,,0,0
21500,0.508382,0.508382,0.000000,0.000000,0.000000,,,0,0
21550,0.490995,0.490995,0.000000,0.000000,0.000000,,,0,0
21600,0.504493,0.504493,0.000000,0.000000,0.000000,,,0,0
21650,0.521957,0.521957,0.000000,0.000000,0.000000,,,0,0
21700,0.497587,0.497587,0.000000,0.000000,0.000000,,,0,0
21750,0.488137,0.488137,0.000000,0.000000,0.000000,,,0,0
21800,0.489820,0.489820,0.000000,0.000000,0.000000,,,0,0
21850,0.508750,0.508750,0.000000,0.000000,0.000000,,,0,0
21900,0.498612,0.498612,0.000000,0.000000,0.000000,,,0,0
21950,0.499492,0.499492,0.000000,0.000000,0.000000,,,0,0
22000,0.503591,0.503591,0.000000,0.000000,0.000000,,,0,0
22000,,,,,,3.384688,0.000000,,
22050,0.510462,0.510462,0.000000,0.000000,0.000000,,,0,0
22100,0.495759,0.495759,0.000000,0.000000,0.000000,,,0,0
22150,0.506615,0.506615,0.000000,0.000000,0.000000,,,0,0
22200,0.493065,0.493065,0.000000,0.000000,0.000000,,,0,0
22250,0.508783,0.508783,0.000000,0.000000,0.000000,,,0,0
22300,0.493352,0.493352,0.000000,0.000000,0.000000,,,0,0
22350,0.488161,0.488161,0.000000,0.000000,0.000000,,,0,0
22400,0.488227,0.488227,0.000000,0.000000,0.000000,,,0,0
22450,0.498650,0.498650,0.000000,0.000000,0.000000,,,0,0
22500,0.501897,0.501897,0.000000,0.000000,0.000000,,,0,0
22550,0.484180,0.484180,0.000000,0.000000,0.000000,,,0,0
22600,0.483823,0.483823,0.000000,0.000000,0.000000,,,0,0
22650,0.493368,0.493368,0.000000,0.000000,0.000000,,,0,0
22700,0.491561,0.491561,0.000000,0.000000,0.000000,,,0,0
22750,0.492888,0.492888,0.000000,0.000000,0.000000,,,0,0
22800,0.504730,0.504730,0.000000,0.000000,0.000000,,,0,0
22850,0.490042,0.490042,0.000000,0.000000,0.000000,,,0,0
22900,0.484824,0.484824,0.000000,0.000000,0.000000,,,0,0
22950,0.492003,0.492003,0.000000,0.000000,0.000000,,,0,0
23000,0.487748,0.487748,0.000000,0.000000,0.000000,,,0,0
23050,0.490957,0.490957,0.000000,0.000000,0.000000,,,0,0
23100,0.478320,0.478320,0.000000,0.000000,0.000000,,,0,0
23150,0.482900,0.482900,0.000000,0.000000,0.000000,,,0,0
23200,0.484097,0.484097,0.000000,0.000000,0.000000,,,0,0
23250,0.492321,0.492321,0.000000,0.000000,0.000000,,,0,0
23300,0.478319,0.478319,0.000000,0.000000,0.000000,,,0,0
23350,0.481170,0.481170,0.000000,0.000000,0.000000,,,0,0
23400,0.489198,0.489198,0.000000,0.000000,0.000000,,,0,0
23450,0.487360,0.487360,0.000000,0.000000,0.000000,,,0,0
23500,0.484594,0.484594,0.000000,0.000000,0.000000,,,0,0
23550,0.464331,0.464331,0.000000,0.000000,0.000000,,,0,0
23600,0.480022,0.480022,0.000000,0.000000,0.000000,,,0,0
23650,0.465503,0.465503,0.000000,0.000000,0.000000,,,0,0
23700,0.469545,0.469545,0.000000,0.000000,0.000000,,,0,0
23750,0.482850,0.482850,0.000000,0.000000,0.000000,,,0,0
23800,0.465337,0.465337,0.000000,0.000000,0.000000,,,0,0
23850,0.476957,0.476957,0.000000,0.000000,0.000000,,,0,0
23900,0.455864,0.455864,0.000000,0.000000,0.000000,,,0,0
23950,0.478079,0.478079,0.000000,0.000000,0.000000,,,0,0
24000,0.477516,0.477516,0.000000,0.000000,0.000000,,,0,0
24000,,,,,,3.496941,0.000000,,
24050,0.482653,0.482653,0.000000,0.000000,0.000000,,,0,0
24100,0.477259,0.477259,0.000000,0.000000,0.000000,,,0,0
24150,0.452644,0.452644,0.000000,0.000000,0.000000,,,0,0
24200,0.472229,0.472229,0.000000,0.000000,0.000000,,,0,0
24250,0.460669,0.460669,0.000000,0.000000,0.000000,,,0,0
24300,0.464589,0.464589,0.000000,0.000000,0.000000,,,0,0
24350,0.458190,0.458190,0.000000,0.000000,0.000000,,,0,0
24400,0.464099,0.464099,0.000000,0.000000,0.000000,,,0,0
24450,0.475794,0.475794,0.000000,0.000000,0.000000,,,0,0
24500,0.466572,0.466572,0.000000,0.000000,0.000000,,,0,0
24550,0.481666,0.481666,0.000000,0.000000,0.000000,,,0,0
24600,0.473933,0.473933,0.000000,0.000000,0.000000,,,0,0
24650,0.451812,0.451812,0.000000,0.000000,0.000000,,,0,0
24700,0.471889,0.471889,0.000000,0.000000,0.000000,,,0,0
24750,0.460304,0.460304,0.000000,0.000000,0.000000,,,0,0
24800,0.476853,0.476853,0.000000,0.000000,0.000000,,,0,0
24850,0.463149,0.463149,0.000000,0.000000,0.000000,,,0,0
24900,0.461100,0.461100,0.000000,0.000000,0.000000,,,0,0
24950,0.451574,0.451574,0.000000,0.000000,0.000000,,,0,0
25000,0.453814,0.453814,0.000000,0.000000,0.000000,,,0,0
25050,0.447432,0.447432,0.000000,0.000000,0.000000,,,0,0
25100,0.468961,0.468961,0.000000,0.000000,0.000000,,,0,0
25150,0.455346,0.455346,0.000000,0.000000,0.000000,,,0,0
25200,0.469820,0.469820,0.000000,0.000000,0.000000,,,0,0
25250,0.471110,0.471110,0.000000,0.000000,0.000000,,,0,0
25300,0.454887,0.454887,0.000000,0.000000,0.000000,,,0,0
25350,0.444162,0.444162,0.000000,0.000000,0.000000,,,0,0
25400,0.454778,0.454778,0.000000,0.000000,0.000000,,,0,0
25450,0.445289,0.445289,0.000000,0.000000,0.000000,,,0,0
25500,0.463304,0.463304,0.000000,0.000000,0.000000,,,0,0
25550,0.452774,0.452774,0.000000,0.000000,0.000000,,,0,0
25600,0.440214,0.440214,0.000000,0.000000,0.000000,,,0,0
25650,0.445293,0.445293,0.000000,0.000000,0.000000,,,0,0
25700,0.451070,0.451070,0.000000,0.000000,0.000000,,,0,0
25750,0.440929,0.440929,0.000000,0.000000,0.000000,,,0,0
25800,0.464477,0.464477,0.000000,0.000000,0.000000,,,0,0
25850,0.446151,0.446151,0.000000,0.000000,0.000000,,,0,0
25900,0.433627,0.433627,0.000000,0.000000,0.000000,,,0,0
25950,0.457914,0.457914,0.000000,0.000000,0.000000,,,0,0
26000,0.453730,0.453730,0.000000,0.000000,0.000000,,,0,0
26000,,,,,,3.577060,0.000000,,
26050,0.447729,0.447729,0.000000,0.000000,0.000000,,,0,0
26100,0.443106,0.443106,0.000000,0.000000,0.000000,,,0,0
26150,0.449969,0.449969,0.000000,0.000000,0.000000,,,0,0
26200,0.454144,0.454144,0.000000,0.000000,0.000000,,,0,0
26250,0.451482,0.451482,0.000000,0.000000,0.000000,,,0,0
26300,0.444159,0.444159,0.000000,0.000000,0.000000,,,0,0
26350,0.437484,0.437484,0.000000,0.000000,0.000000,,,0,0
26400,0.436908,0.436908,0.000000,0.000000,0.000000,,,0,0
26450,0.436381,0.436381,0.000000,0.000000,0.000000,,,0,0
26500,0.431740,0.431740,0.000000,0.000000,0.000000,,,0,0
26550,0.439711,0.439711,0.000000,0.000000,0.000000,,,0,0
26600,0.435559,0.435559,0.000000,0.000000,0.000000,,,0,0
26650,0.437257,0.437257,0.000000,0.000000,0.000000,,,0,0
26700,0.426177,0.426177,0.000000,0.000000,0.000000,,,0,0
26750,0.439917,0.439917,0.000000,0.000000,0.000000,,,0,0
26800,0.431734,0.431734,0.000000,0.000000,0.000000,,,0,0
26850,0.429261,0.429261,0.000000,0.000000,0.000000,,,0,0
26900,0.439781,0.439781,0.000000,0.000000,0.000000,,,0,0
26950,0.444423,0.444423,0.000000,0.000000,0.000000,,,0,0
27000,0.444213,0.444213,0.000000,0.000000,0.000000,,,0,0
27050,0.432299,0.432299,0.000000,0.000000,0.000000,,,0,0
27100,0.429438,0.429438,0.000000,0.000000,0.000000,,,0,0
27150,0.430082,0.430082,0.000000,0.000000,0.000000,,,0,0
27200,0.431306,0.431306,0.000000,0.000000,0.000000,,,0,0
27250,0.425287,0.425287,0.000000,0.000000,0.000000,,,0,0
27300,0.429147,0.429147,0.000000,0.000000,0.000000,,,0,0
27350,0.419185,0.419185,0.000000,0.000000,0.000000,,,0,0
27400,0.434329,0.434329,0.000000,0.000000,0.000000,,,0,0
27450,0.430695,0.430695,0.000000,0.000000,0.000000,,,0,0
27500,0.434133,0.434133,0.000000,0.000000,0.000000,,,0,0
27550,0.417546,0.417546,0.000000,0.000000,0.000000,,,0,0
27600,0.411159,0.411159,0.000000,0.000000,0.000000,,,0,0
27650,0.423956,0.423956,0.000000,0.000000,0.000000,,,0,0
27700,0.426459,0.426459,0.000000,0.000000,0.000000,,,0,0
27750,0.420061,0.420061,0.000000,0.000000,0.000000,,,0,0
27800,0.426813,0.426813,0.000000,0.000000,0.000000,,,0,0
27850,0.427283,0.427283,0.000000,0.000000,0.000000,,,0,0
27900,0.421741,0.421741,0.000000,0.000000,0.000000,,,0,0
27950,0.416965,0.416965,0.000000,0.000000,0.000000,,,0,0
28000,0.421481,0.421481,0.000000,0.000000,0.000000,,,0,0
28000,,,,,,3.652517,0.000000,,
28050,0.426672,0.426672,0.000000,0.000000,0.000000,,,0,0
28100,0.413955,0.413955,0.000000,0.000000,0.000000,,,0,0
28150,0.430578,0.430578,0.000000,0.000000,0.000000,,,0,0
28200,0.413648,0.413648,0.000000,0.000000,0.000000,,,0,0
28250,0.419058,0.419058,0.000000,0.000000,0.000000,,,0,0
28300,0.414511,0.414511,0.000000,0.000000,0.000000,,,0,0
28350,0.416858,0.416858,0.000000,0.000000,0.000000,,,0,0
28400,0.418630,0.418630,0.000000,0.000000,0.000000,,,0,0
28450,0.431202,0.431202,0.000000,0.000000,0.000000,,,0,0
28500,0.427661,0.427661,0.000000,0.000000,0.000000,,,0,0
28550,0.417445,0.417445,0.000000,0.000000,0.000000,,,0,0
28600,0.428806,0.428806,0.000000,0.000000,0.000000,,,0,0
28650,0.412888,0.412888,0.000000,0.000000,0.000000,,,0,0
28700,0.408802,0.408802,0.000000,0.000000,0.000000,,,0,0
28750,0.414410,0.414410,0.000000,0.000000,0.000000,,,0,0
28800,0.419780,0.419780,0.000000,0.000000,0.000000,,,0,0
28850,0.419676,0.419676,0.000000,0.000000,0.000000,,,0,0
28900,0.412544,0.412544,0.000000,0.000000,0.000000,,,0,0
28950,0.414022,0.414022,0.000000,0.000000,0.000000,,,0,0
29000,0.417483,0.417483,0.000000,0.000000,0.000000,,,0,0
29050,0.407279,0.407279,0.000000,0.000000,0.000000,,,0,0
29100,0.410544,0.410544,0.000000,0.000000,0.000000,,,0,0
29150,0.408755,0.408755,0.000000,0.000000,0.000000,,,0,0
29200,0.413430,0.413430,0.000000,0.000000,0.000000,,,0,0
29250,0.409923,0.409923,0.000000,0.000000,0.000000,,,0,0
29300,0.400867,0.400867,0.000000,0.000000,0.000000,,,0,0
29350,0.402152,0.402152,0.000000,0.000000,0.000000,,,0,0
29400,0.424186,0.424186,0.000000,0.000000,0.000000,,,0,0
29450,0.391627,0.391627,0.000000,0.000000,0.000000,,,0,0
29500,0.406708,0.406708,0.000000,0.000000,0.000000,,,0,0
29550,0.414414,0.414414,0.000000,0.000000,0.000000,,,0,0
29600,0.409511,0.409511,0.000000,0.000000,0.000000,,,0,0
29650,0.415347,0.415347,0.000000,0.000000,0.000000,,,0,0
29700,0.405365,0.405365,0.000000,0.000000,0.000000,,,0,0
29750,0.407891,0.407891,0.000000,0.000000,0.000000,,,0,0
29800,0.417011,0.417011,0.000000,0.000000,0.000000,,,0,0
29850,0.408832,0.408832,0.000000,0.000000,0.000000,,,0,0
29900,0.409231,0.409231,0.000000,0.000000,0.000000,,,0,0
29950,0.406779,0.406779,0.000000,0.000000,0.000000,,,0,0
30000,0.394463,0.394463,0.000000,0.000000,0.000000,,,0,0
30000,,,,,,3.677516,0.000000,,
30050,0.400181,0.400181,0.000000,0.000000,0.000000,,,0,0
30100,0.409254,0.409254,0.000000,0.000000,0.000000,,,0,0
30150,0.397659,0.397659,0.000000,0.000000,0.000000,,,0,0
30200,0.396231,0.396231,0.000000,0.000000,0.000000,,,0,0
30250,0.411689,0.411689,0.000000,0.000000,0.000000,,,0,0
30300,0.395419,0.395419,0.000000,0.000000,0.000000,,,0,0
30350,0.395698,0.395698,0.000000,0.000000,0.000000,,,0,0
30400,0.405350,0.405350,0.000000,0.000000,0.000000,,,0,0
30450,0.391534,0.391534,0.000000,0.000000,0.000000,,,0,0
30500,0.393110,0.393110,0.000000,0.000000,0.000000,,,0,0
30550,0.388052,0.388052,0.000000,0.000000,0.000000,,,0,0
30600,0.394614,0.394614,0.000000,0.000000,0.000000,,,0,0
30650,0.398151,0.398151,0.000000,0.000000,0.000000,,,0,0
30700,0.389122,0.389122,0.000000,0.000000,0.000000,,,0,0
30750,0.388016,0.388016,0.000000,0.000000,0.000000,,,0,0
30800,0.393600,0.393600,0.000000,0.000000,0.000000,,,0,0
30850,0.385020,0.385020,0.000000,0.000000,0.000000,,,0,0
30900,0.399607,0.399607,0.000000,0.000000,0.000000,,,0,0
30950,0.391681,0.391681,0.000000,0.000000,0.000000,,,0,0
31000,0.389798,0.389798,0.000000,0.000000,0.000000,,,0,0
31050,0.390875,0.390875,0.000000,0.000000,0.000000,,,0,0
31100,0.393676,0.393676,0.000000,0.000000,0.000000,,,0,0
31150,0.382775,0.382775,0.000000,0.000000,0.000000,,,0,0
31200,0.398410,0.398410,0.000000,0.000000,0.000000,,,0,0
31250,0.380131,0.380131,0.000000,0.000000,0.000000,,,0,0
31300,0.389560,0.389560,0.000000,0.000000,0.000000,,,0,0
31350,0.398257,0.398257,0.000000,0.000000,0.000000,,,0,0
31400,0.393393,0.393393,0.000000,0.000000,0.000000,,,0,0
31450,0.374565,0.374565,0.000000,0.000000,0.000000,,,0,0
31500,0.387024,0.387024,0.000000,0.000000,0.000000,,,0,0
31550,0.385252,0.385252,0.000000,0.000000,0.000000,,,0,0
31600,0.384535,0.384535,0.000000,0.000000,0.000000,,,0,0
31650,0.383479,0.383479,0.000000,0.000000,0.000000,,,0,0
31700,0.386326,0.386326,0.000000,0.000000,0.000000,,,0,0
31750,0.396687,0.396687,0.000000,0.000000,0.000000,,,0,0
31800,0.381260,0.381260,0.000000,0.000000,0.000000,,,0,0
31850,0.387940,0.387940,0.000000,0.000000,0.000000,,,0,0
31900,0.387433,0.387433,0.000000,0.000000,0.000000,,,0,0
31950,0.376085,0.376085,0.000000,0.000000,0.000000,,,0,0
32000,0.377132,0.377132,0.000000,0.000000,0.000000,,,0,0
32000,,,,,,3.812236,0.000000,,
32050,0.381003,0.381003,0.000000,0.000000,0.000000,,,0,0
32100,0.379315,0.379315,0.000000,0.000000,0.000000,,,0,0
32150,0.378545,0.378545,0.000000,0.000000,0.000000,,,0,0
32200,0.385652,0.385652,0.000000,0.000000,0.000000,,,0,0
32250,0.371300,0.371300,0.000000,0.000000,0.000000,,,0,0
32300,0.371979,0.371979,0.000000,0.000000,0.000000,,,0,0
32350,0.387984,0.387984,0.000000,0.000000,0.000000,,,0,0
32400,0.389668,0.389668,0.000000,0.000000,0.000000,,,0,0
32450,0.371359,0.371359,0.000000,0.000000,0.000000,,,0,0
32500,0.380438,0.380438,0.000000,0.000000,0.000000,,,0,0
32550,0.393368,0.393368,0.000000,0.000000,0.000000,,,0,0
32600,0.374220,0.374220,0.000000,0.000000,0.000000,,,0,0
32650,0.378677,0.378677,0.000000,0.000000,0.000000,,,0,0
32700,0.375110,0.375110,0.000000,0.000000,0.000000,,,0,0
32750,0.365056,0.365056,0.000000,0.000000,0.000000,,,0,0
32800,0.382141,0.382141,0.000000,0.000000,0.000000,,,0,0
32850,0.368232,0.368232,0.000000,0.000000,0.000000,,,0,0
32900,0.379745,0.379745,0.000000,0.000000,0.000000,,,0,0
32950,0.364868,0.364868,0.000000,0.000000,0.000000,,,0,0
33000,0.371993,0.371993,0.000000,0.000000,0.000000,,,0,0
33050,0.372713,0.372713,0.000000,0.000000,0.000000,,,0,0
33100,0.367583,0.367583,0.000000,0.000000,0.000000,,,0,0
33150,0.378886,0.378886,0.000000,0.000000,0.000000,,,0,0
33200,0.358507,0.358507,0.000000,0.000000,0.000000,,,0,0
33250,0.374941,0.374941,0.000000,0.000000,0.000000,,,0,0
33300,0.382859,0.382859,0.000000,0.000000,0.000000,,,0,0
33350,0.365000,0.365000,0.000000,0.000000,0.000000,,,0,0
33400,0.373889,0.373889,0.000000,0.000000,0.000000,,,0,0
33450,0.368154,0.368154,0.000000,0.000000,0.000000,,,0,0
33500,0.367137,0.367137,0.000000,0.000000,0.000000,,,0,0
33550,0.360951,0.360951,0.000000,0.000000,0.000000,,,0,0
33600,0.371895,0.371895,0.000000,0.000000,0.000000,,,0,0
33650,0.365061,0.365061,0.000000,0.000000,0.000000,,,0,0
33700,0.377234,0.377234,0.000000,0.000000,0.000000,,,0,0
33750,0.372695,0.372695,0.000000,0.000000,0.000000,,,0,0
33800,0.363724,0.363724,0.000000,0.000000,0.000000,,,0,0
33850,0.361778,0.361778,0.000000,0.000000,0.000000,,,0,0
33900,0.359331,0.359331,0.000000,0.000000,0.000000,,,0,0
33950,0.373628,0.373628,0.000000,0.000000,0.000000,,,0,0
34000,0.365797,0.365797,0.000000,0.000000,0.000000,,,0,0
34000,,,,,,3.877732,0.000000,,
34050,0.354093,0.354093,0.000000,0.000000,0.000000,,,0,0
34100,0.370418,0.370418,0.000000,0.000000,0.000000,,,0,0
34150,0.361783,0.361783,0.000000,0.000000,0.000000,,,0,0
34200,0.360668,0.360668,0.000000,0.000000,0.000000,,,0,0
34250,0.363104,0.363104,0.000000,0.000000,0.000000,,,0,0
34300,0.360616,0.360616,0.000000,0.000000,0.000000,,,0,0
34350,0.365121,0.365121,0.000000,0.000000,0.000000,,,0,0
34400,0.369920,0.369920,0.000000,0.000000,0.000000,,,0,0
34450,0.362087,0.362087,0.000000,0.000000,0.000000,,,0,0
34500,0.354000,0.354000,0.000000,0.000000,0.000000,,,0,0
34550,0.347619,0.347619,0.000000,0.000000,0.000000,,,0,0
34600,0.358055,0.358055,0.000000,0.000000,0.000000,,,0,0
34650,0.354174,0.354174,0.000000,0.000000,0.000000,,,0,0
34700,0.357676,0.357676,0.000000,0.000000,0.000000,,,0,0
34750,0.359758,0.359758,0.000000,0.000000,0.000000,,,0,0
34800,0.352534,0.352534,0.000000,0.000000,0.000000,,,0,0
34850,0.356853,0.356853,0.000000,0.000000,0.000000,,,0,0
34900,0.356089,0.356089,0.000000,0.000000,0.000000,,,0,0
34950,0.367620,0.367620,0.000000,0.000000,0.000000,,,0,0
35000,0.356078,0.356078,0.000000,0.000000,0.000000,,,0,0
35050,0.352281,0.352281,0.000000,0.000000,0.000000,,,0,0
35100,0.355853,0.355853,0.000000,0.000000,0.000000,,,0,0
35150,0.354525,0.354525,0.000000,0.000000,0.000000,,,0,0
35200,0.367538,0.367538,0.000000,0.000000,0.000000,,,0,0
35250,0.359820,0.359820,0.000000,0.000000,0.000000,,,0,0
35300,0.350343,0.350343,0.000000,0.000000,0.000000,,,0,0
35350,0.346578,0.346578,0.000000,0.000000,0.000000,,,0,0
35400,0.350240,0.350240,0.000000,0.000000,0.000000,,,0,0
35450,0.344781,0.344781,0.000000,0.000000,0.000000,,,0,0
35500,0.342364,0.342364,0.000000,0.000000,0.000000,,,0,0
35550,0.358844,0.358844,0.000000,0.000000,0.000000,,,0,0
35600,0.353453,0.353453,0.000000,0.000000,0.000000,,,0,0
35650,0.353284,0.353284,0.000000,0.000000,0.000000,,,0,0
35700,0.354077,0.354077,0.000000,0.000000,0.000000,,,0,0
35750,0.347101,0.347101,0.000000,0.000000,0.000000,,,0,0
35800,0.349850,0.349850,0.000000,0.000000,0.000000,,,0,0
35850,0.345300,0.345300,0.000000,0.000000,0.000000,,,0,0
35900,0.345334,0.345334,0.000000,0.000000,0.000000,,,0,0
35950,0.344577,0.344577,0.000000,0.000000,0.000000,,,0,0
36000,0.338745,0.338745,0.000000,0.000000,0.000000,,,0,0
36000,,,,,,3.969105,0.000000,,
36050,0.335571,0.335571,0.000000,0.000000,0.000000,,,0,0
36100,0.341285,0.341285,0.000000,0.000000,0.000000,,,0,0
36150,0.345134,0.345134,0.000000,0.000000,0.000000,,,0,0
36200,0.351281,0.351281,0.000000,0.000000,0.000000,,,0,0
36250,0.349622,0.349622,0.000000,0.000000,0.000000,,,0,0
36300,0.339399,0.339399,0.000000,0.000000,0.000000,,,0,0
36350,0.353627,0.353627,0.000000,0.000000,0.000000,,,0,0
36400,0.343838,0.343838,0.000000,0.000000,0.000000,,,0,0
36450,0.339008,0.339008,0.000000,0.000000,0.000000,,,0,0
36500,0.340554,0.340554,0.000000,0.000000,0.000000,,,0,0
36550,0.351912,0.351912,0.000000,0.000000,0.000000,,,0,0
36600,0.338372,0.338372,0.000000,0.000000,0.000000,,,0,0
36650,0.348401,0.348401,0.000000,0.000000,0.000000,,,0,0
36700,0.346102,0.346102,0.000000,0.000000,0.000000,,,0,0
36750,0.338250,0.338250,0.000000,0.000000,0.000000,,,0,0
36800,0.347347,0.347347,0.000000,0.000000,0.000000,,,0,0
36850,0.342374,0.342374,0.000000,0.000000,0.000000,,,0,0
36900,0.333485,0.333485,0.000000,0.000000,0.000000,,,0,0
36950,0.333726,0.333726,0.000000,0.000000,0.000000,,,0,0
37000,0.340673,0.340673,0.000000,0.000000,0.000000,,,0,0
37050,0.340060,0.340060,0.000000,0.000000,0.000000,,,0,0
37100,0.338335,0.338335,0.000000,0.000000,0.000000,,,0,0
37150,0.337025,0.337025,0.000000,0.000000,0.000000,,,0,0
37200,0.345625,0.345625,0.000000,0.000000,0.000000,,,0,0
37250,0.337378,0.337378,0.000000,0.000000,0.000000,,,0,0
37300,0.328598,0.328598,0.000000,0.000000,0.000000,,,0,0
37350,0.333247,0.333247,0.000000,0.000000,0.000000,,,0,0
37400,0.330154,0.330154,0.000000,0.000000,0.000000,,,0,0
37450,0.353491,0.353491,0.000000,0.000000,0.000000,,,0,0
37500,0.340480,0.340480,0.000000,0.000000,0.000000,,,0,0
37550,0.339925,0.339925,0.000000,0.000000,0.000000,,,0,0
37600,0.327678,0.327678,0.000000,0.000000,0.000000,,,0,0
37650,0.333658,0.333658,0.000000,0.000000,0.000000,,,0,0
37700,0.332883,0.332883,0.000000,0.000000,0.000000,,,0,0
37750,0.337513,0.337513,0.000000,0.000000,0.000000,,,0,0
37800,0.331050,0.331050,0.000000,0.000000,0.000000,,,0,0
37850,0.346054,0.346054,0.000000,0.000000,0.000000,,,0,0
37900,0.334976,0.334976,0.000000,0.000000,0.000000,,,0,0
37950,0.329861,0.329861,0.000000,0.000000,0.000000,,,0,0
38000,0.332018,0.332018,0.000000,0.000000,0.000000,,,0,0
38000,,,,,,4.081601,0.000000,,
38050,0.334763,0.334763,0.000000,0.000000,0.000000,,,0,0
38100,0.337223,0.337223,0.000000,0.000000,0.000000,,,0,0
38150,0.332585,0.332585,0.000000,0.000000,0.000000,,,0,0
38200,0.338960,0.338960,0.000000,0.000000,0.000000,,,0,0
38250,0.326454,0.326454,0.000000,0.000000,0.000000,,,0,0
38300,0.333789,0.333789,0.000000,0.000000,0.000000,,,0,0
38350,0.337594,0.337594,0.000000,0.000000,0.000000,,,0,0
38400,0.342011,0.342011,0.000000,0.000000,0.000000,,,0,0
38450,0.333447,0.333447,0.000000,0.000000,0.000000,,,0,0
38500,0.333207,0.333207,0.000000,0.000000,0.000000,,,0,0
38550,0.337755,0.337755,0.000000,0.000000,0.000000,,,0,0
38600,0.331399,0.331399,0.000000,0.000000,0.000000,,,0,0
38650,0.335798,0.335798,0.000000,0.000000,0.000000,,,0,0
38700,0.330814,0.330814,0.000000,0.000000,0.000000,,,0,0
38750,0.331617,0.331617,0.000000,0.000000,0.000000,,,0,0
38800,0.332920,0.332920,0.000000,0.000000,0.000000,,,0,0
38850,0.327378,0.327378,0.000000,0.000000,0.000000,,,0,0
38900,0.322411,0.322411,0.000000,0.000000,0.000000,,,0,0
38950,0.338840,0.338840,0.000000,0.000000,0.000000,,,0,0
39000,0.327083,0.327083,0.000000,0.000000,0.000000,,,0,0
39050,0.325890,0.325890,0.000000,0.000000,0.000000,,,0,0
39100,0.328537,0.328537,0.000000,0.000000,0.000000,,,0,0
39150,0.331545,0.331545,0.000000,0.000000,0.000000,,,0,0
39200,0.331774,0.331774,0.000000,0.000000,0.000000,,,0,0
39250,0.325412,0.325412,0.000000,0.000000,0.000000,,,0,0
39300,0.330725,0.330725,0.000000,0.000000,0.000000,,,0,0
39350,0.318309,0.318309,0.000000,0.000000,0.000000,,,0,0
39400,0.320428,0.320428,0.000000,0.000000,0.000000,,,0,0
39450,0.329307,0.329307,0.000000,0.000000,0.000000,,,0,0
39500,0.324197,0.324197,0.000000,0.000000,0.000000,,,0,0
39550,0.320918,0.320918,0.000000,0.000000,0.000000,,,0,0
39600,0.339016,0.339016,0.000000,0.000000,0.000000,,,0,0
39650,0.322411,0.322411,0.000000,0.000000,0.000000,,,0,0
39700,0.325108,0.325108,0.000000,0.000000,0.000000,,,0,0
39750,0.337081,0.337081,0.000000,0.000000,0.000000,,,0,0
39800,0.315236,0.315236,0.000000,0.000000,0.000000,,,0,0
39850,0.330349,0.330349,0.000000,0.000000,0.000000,,,0,0
39900,0.325438,0.325438,0.000000,0.000000,0.000000,,,0,0
39950,0.330280,0.330280,0.000000,0.000000,0.000000,,,0,0
40000,0.326121,0.326121,0.000000,0.000000,0.000000,,,0,0
40000,,,,,,4.042854,0.000000,,
40050,0.316629,0.316629,0.000000,0.000000,0.000000,,,0,0
40100,0.325473,0.325473,0.000000,0.000000,0.000000,,,0,0
40150,0.325678,0.325678,0.000000,0.000000,0.000000,,,0,0
40200,0.316925,0.316925,0.000000,0.000000,0.000000,,,0,0
40250,0.321930,0.321930,0.000000,0.000000,0.000000,,,0,0
40300,0.321111,0.321111,0.000000,0.000000,0.000000,,,0,0
40350,0.321465,0.321465,0.000000,0.000000,0.000000,,,0,0
40400,0.330242,0.330242,0.000000,0.000000,0.000000,,,0,0
40450,0.323306,0.323306,0.000000,0.000000,0.000000,,,0,0
40500,0.323301,0.323301,0.000000,0.000000,0.000000,,,0,0
40550,0.325346,0.325346,0.000000,0.000000,0.000000,,,0,0
40600,0.324336,0.324336,0.000000,0.000000,0.000000,,,0,0
40650,0.312500,0.312500,0.000000,0.000000,0.000000,,,0,0
40700,0.328443,0.328443,0.000000,0.000000,0.000000,,,0,0
40750,0.319864,0.319864,0.000000,0.000000,0.000000,,,0,0
40800,0.318297,0.318297,0.000000,0.000000,0.000000,,,0,0
40850,0.312128,0.312128,0.000000,0.000000,0.000000,,,0,0
40900,0.319565,0.319565,0.000000,0.000000,0.000000,,,0,0
40950,0.318074,0.318074,0.000000,0.000000,0.000000,,,0,0
41000,0.325520,0.325520,0.000000,0.000000,0.000000,,,0,0
41050,0.319153,0.319153,0.000000,0.000000,0.000000,,,0,0
41100,0.315362,0.315362,0.000000,0.000000,0.000000,,,0,0
41150,0.315894,0.315894,0.000000,0.000000,0.000000,,,0,0
41200,0.317367,0.317367,0.000000,0.000000,0.000000,,,0,0
41250,0.319985,0.319985,0.000000,0.000000,0.000000,,,0,0
41300,0.311736,0.311736,0.000000,0.000000,0.000000,,,0,0
41350,0.317014,0.317014,0.000000,0.000000,0.000000,,,0,0
41400,0.318899,0.318899,0.000000,0.000000,0.000000,,,0,0
41450,0.318469,0.318469,0.000000,0.000000,0.000000,,,0,0
41500,0.307146,0.307146,0.000000,0.000000,0.000000,,,0,0
41550,0.313545,0.313545,0.000000,0.000000,0.000000,,,0,0
41600,0.320927,0.320927,0.000000,0.000000,0.000000,,,0,0
41650,0.320024,0.320024,0.000000,0.000000,0.000000,,,0,0
41700,0.320219,0.320219,0.000000,0.000000,0.000000,,,0,0
41750,0.312051,0.312051,0.000000,0.000000,0.000000,,,0,0
41800,0.315424,0.315424,0.000000,0.000000,0.000000,,,0,0
41850,0.314818,0.314818,0.000000,0.000000,0.000000,,,0,0
41900,0.300742,0.300742,0.000000,0.000000,0.000000,,,0,0
41950,0.318474,0.318474,0.000000,0.000000,0.000000,,,0,0
42000,0.312063,0.312063,0.000000,0.000000,0.000000,,,0,0
42000,,,,,,4.180451,0.000000,,
42050,0.310711,0.310711,0.000000,0.000000,0.000000,,,0,0
42100,0.309468,0.309468,0.000000,0.000000,0.000000,,,0,0
42150,0.305223,0.305223,0.000000,0.000000,0.000000,,,0,0
42200,0.310881,0.310881,0.000000,0.000000,0.000000,,,0,0
42250,0.321190,0.321190,0.000000,0.000000,0.000000,,,0,0
42300,0.308379,0.308379,0.000000,0.000000,0.000000,,,0,0
42350,0.313055,0.313055,0.000000,0.000000,0.000000,,,0,0
42400,0.312828,0.312828,0.000000,0.000000,0.000000,,,0,0
42450,0.305992,0.305992,0.000000,0.000000,0.000000,,,0,0
42500,0.305192,0.305192,0.000000,0.000000,0.000000,,,0,0
42550,0.307175,0.307175,0.000000,0.000000,0.000000,,,0,0
42600,0.306867,0.306867,0.000000,0.000000,0.000000,,,0,0
42650,0.316096,0.316096,0.000000,0.000000,0.000000,,,0,0
42700,0.305940,0.305940,0.000000,0.000000,0.000000,,,0,0
42750,0.308805,0.308805,0.000000,0.000000,0.000000,,,0,0
42800,0.307155,0.307155,0.000000,0.000000,0.000000,,,0,0
42850,0.308806,0.308806,0.000000,0.000000,0.000000,,,0,0
42900,0.308964,0.308964,0.000000,0.000000,0.000000,,,0,0
42950,0.307861,0.307861,0.000000,0.000000,0.000000,,,0,0
43000,0.306756,0.306756,0.000000,0.000000,0.000000,,,0,0
43050,0.307775,0.307775,0.000000,0.000000,0.000000,,,0,0
43100,0.307177,0.307177,0.000000,0.000000,0.000000,,,0,0
43150,0.311580,0.311580,0.000000,0.000000,0.000000,,,0,0
43200,0.313709,0.313709,0.000000,0.000000,0.000000,,,0,0
43250,0.319167,0.319167,0.000000,0.000000,0.000000,,,0,0
43300,0.312930,0.312930,0.000000,0.000000,0.000000,,,0,0
43350,0.298891,0.298891,0.000000,0.000000,0.000000,,,0,0
43400,0.304011,0.304011,0.000000,0.000000,0.000000,,,0,0
43450,0.311339,0.311339,0.000000,0.000000,0.000000,,,0,0
43500,0.297617,0.297617,0.000000,0.000000,0.000000,,,0,0
43550,0.307779,0.307779,0.000000,0.000000,0.000000,,,0,0
43600,0.304916,0.304916,0.000000,0.000000,0.000000,,,0,0
43650,0.306858,0.306858,0.000000,0.000000,0.000000,,,0,0
43700,0.301307,0.301307,0.000000,0.000000,0.000000,,,0,0
43750,0.312259,0.312259,0.000000,0.000000,0.000000,,,0,0
43800,0.298514,0.298514,0.000000,0.000000,0.000000,,,0,0
43850,0.302017,0.302017,0.000000,0.000000,0.000000,,,0,0
43900,0.297272,0.297272,0.000000,0.000000,0.000000,,,0,0
43950,0.308250,0.308250,0.000000,0.000000,0.000000,,,0,0
44000,0.299005,0.299005,0.000000,0.000000,0.000000,,,0,0
44000,,,,,,4.262106,0.000000,,
44050,0.298325,0.298325,0.000000,0.000000,0.000000,,,0,0
44100,0.307071,0.307071,0.000000,0.000000,0.000000,,,0,0
44150,0.297969,0.297969,0.000000,0.000000,0.000000,,,0,0
44200,0.304008,0.304008,0.000000,0.000000,0.000000,,,0,0
44250,0.311056,0.311056,0.000000,0.000000,0.000000,,,0,0
44300,0.311297,0.311297,0.000000,0.000000,0.000000,,,0,0
44350,0.305999,0.305999,0.000000,0.000000,0.000000,,,0,0
44400,0.309618,0.309618,0.000000,0.000000,0.000000,,,0,0
44450,0.298851,0.298851,0.000000,0.000000,0.000000,,,0,0
44500,0.303878,0.303878,0.000000,0.000000,0.000000,,,0,0
44550,0.298242,0.298242,0.000000,0.000000,0.000000,,,0,0
44600,0.302138,0.302138,0.000000,0.000000,0.000000,,,0,0
44650,0.304735,0.304735,0.000000,0.000000,0.000000,,,0,0
44700,0.305649,0.305649,0.000000,0.000000,0.000000,,,0,0
44750,0.306013,0.306013,0.000000,0.000000,0.000000,,,0,0
44800,0.304753,0.304753,0.000000,0.000000,0.000000,,,0,0
44850,0.305586,0.305586,0.000000,0.000000,0.000000,,,0,0
44900,0.297883,0.297883,0.000000,0.000000,0.000000,,,0,0
44950,0.307124,0.307124,0.000000,0.000000,0.000000,,,0,0
45000,0.302427,0.302427,0.000000,0.000000,0.000000,,,0,0
45050,0.298946,0.298946,0.000000,0.000000,0.000000,,,0,0
45100,0.295915,0.295915,0.000000,0.000000,0.000000,,,0,0
45150,0.292291,0.292291,0.000000,0.000000,0.000000,,,0,0
45200,0.302912,0.302912,0.000000,0.000000,0.000000,,,0,0
45250,0.305101,0.305101,0.000000,0.000000,0.000000,,,0,0
45300,0.290058,0.290058,0.000000,0.000000,0.000000,,,0,0
45350,0.297811,0.297811,0.000000,0.000000,0.000000,,,0,0
45400,0.300263,0.300263,0.000000,0.000000,0.000000,,,0,0
45450,0.303085,0.303085,0.000000,0.000000,0.000000,,,0,0
45500,0.304484,0.304484,0.000000,0.000000,0.000000,,,0,0
45550,0.300875,0.300875,0.000000,0.000000,0.000000,,,0,0
45600,0.287673,0.287673,0.000000,0.000000,0.000000,,,0,0
45650,0.301361,0.301361,0.000000,0.000000,0.000000,,,0,0
45700,0.300213,0.300213,0.000000,0.000000,0.000000,,,0,0
45750,0.301261,0.301261,0.000000,0.000000,0.000000,,,0,0
45800,0.299265,0.299265,0.000000,0.000000,0.000000,,,0,0
45850,0.295466,0.295466,0.000000,0.000000,0.000000,,,0,0
45900,0.300218,0.300218,0.000000,0.000000,0.000000,,,0,0
45950,0.294065,0.294065,0.000000,0.000000,0.000000,,,0,0
46000,0.301625,0.301625,0.000000,0.000000,0.000000,,,0,0
46000,,,,,,4.252107,0.000000,,
46050,0.299704,0.299704,0.000000,0.000000,0.000000,,,0,0
46100,0.287597,0.287597,0.000000,0.000000,0.000000,,,0,0
46150,0.298503,0.298503,0.000000,0.000000,0.000000,,,0,0
46200,0.299148,0.299148,0.000000,0.000000,0.000000,,,0,0
46250,0.301586,0.301586,0.000000,0.000000,0.000000,,,0,0
46300,0.289912,0.289912,0.000000,0.000000,0.000000,,,0,0
46350,0.303496,0.303496,0.000000,0.000000,0.000000,,,0,0
46400,0.293073,0.293073,0.000000,0.000000,0.000000,,,0,0
46450,0.295395,0.295395,0.000000,0.000000,0.000000,,,0,0
46500,0.301535,0.301535,0.000000,0.000000,0.000000,,,0,0
46550,0.292040,0.292040,0.000000,0.000000,0.000000,,,0,0
46600,0.298377,0.298377,0.000000,0.000000,0.000000,,,0,0
46650,0.298106,0.298106,0.000000,0.000000,0.000000,,,0,0
46700,0.302816,0.302816,0.000000,0.000000,0.000000,,,0,0
46750,0.296244,0.296244,0.000000,0.000000,0.000000,,,0,0
46800,0.295862,0.295862,0.000000,0.000000,0.000000,,,0,0
46850,0.289484,0.289484,0.000000,0.000000,0.000000,,,0,0
46900,0.305918,0.305918,0.000000,0.000000,0.000000,,,0,0
46950,0.294559,0.294559,0.000000,0.000000,0.000000,,,0,0
47000,0.297517,0.297517,0.000000,0.000000,0.000000,,,0,0
47050,0.288406,0.288406,0.000000,0.000000,0.000000,,,0,0
47100,0.296126,0.296126,0.000000,0.000000,0.000000,,,0,0
47150,0.296881,0.296881,0.000000,0.000000,0.000000,,,0,0
47200,0.294846,0.294846,0.000000,0.000000,0.000000,,,0,0
47250,0.297921,0.297921,0.000000,0.000000,0.000000,,,0,0
47300,0.293523,0.293523,0.000000,0.000000,0.000000,,,0,0
47350,0.285656,0.285656,0.000000,0.000000,0.000000,,,0,0
47400,0.290244,0.290244,0.000000,0.000000,0.000000,,,0,0
47450,0.290429,0.290429,0.000000,0.000000,0.000000,,,0,0
47500,0.292374,0.292374,0.000000,0.000000,0.000000,,,0,0
47550,0.294457,0.294457,0.000000,0.000000,0.000000,,,0,0
47600,0.292077,0.292077,0.000000,0.000000,0.000000,,,0,0
47650,0.295100,0.295100,0.000000,0.000000,0.000000,,,0,0
47700,0.293483,0.293483,0.000000,0.000000,0.000000,,,0,0
47750,0.297753,0.297753,0.000000,0.000000,0.000000,,,0,0
47800,0.289407,0.289407,0.000000,0.000000,0.000000,,,0,0
47850,0.292904,0.292904,0.000000,0.000000,0.000000,,,0,0
47900,0.295802,0.295802,0.000000,0.000000,0.000000,,,0,0
47950,0.297357,0.297357,0.000000,0.000000,0.000000,,,0,0
48000,0.289749,0.289749,0.000000,0.000000,0.000000,,,0,0
48000,,,,,,4.325272,0.000000,,
48050,0.287455,0.287455,0.000000,0.000000,0.000000,,,0,0
48100,0.286088,0.286088,0.000000,0.000000,0.000000,,,0,0
48150,0.292503,0.292503,0.000000,0.000000,0.000000,,,0,0
48200,0.289303,0.289303,0.000000,0.000000,0.000000,,,0,0
48250,0.291003,0.291003,0.000000,0.000000,0.000000,,,0,0
48300,0.288986,0.288986,0.000000,0.000000,0.000000,,,0,0
48350,0.290145,0.290145,0.000000,0.000000,0.000000,,,0,0
48400,0.296366,0.296366,0.000000,0.000000,0.000000,,,0,0
48450,0.294194,0.294194,0.000000,0.000000,0.000000,,,0,0
48500,0.289237,0.289237,0.000000,0.000000,0.000000,,,0,0
48550,0.294436,0.294436,0.000000,0.000000,0.000000,,,0,0
48600,0.290351,0.290351,0.000000,0.000000,0.000000,,,0,0
48650,0.293845,0.293845,0.000000,0.000000,0.000000,,,0,0
48700,0.290909,0.290909,0.000000,0.000000,0.000000,,,0,0
48750,0.293645,0.293645,0.000000,0.000000,0.000000,,,0,0
48800,0.290931,0.290931,0.000000,0.000000,0.000000,,,0,0
48850,0.294742,0.294742,0.000000,0.000000,0.000000,,,0,0
48900,0.297932,0.297932,0.000000,0.000000,0.000000,,,0,0
48950,0.292580,0.292580,0.000000,0.000000,0.000000,,,0,0
49000,0.296832,0.296832,0.000000,0.000000,0.000000,,,0,0
49050,0.289989,0.289989,0.000000,0.000000,0.000000,,,0,0
49100,0.284807,0.284807,0.000000,0.000000,0.000000,,,0,0
49150,0.293262,0.293262,0.000000,0.000000,0.000000,,,0,0
49200,0.290547,0.290547,0.000000,0.000000,0.000000,,,0,0
49250,0.286008,0.286008,0.000000,0.000000,0.000000,,,0,0
49300,0.287510,0.287510,0.000000,0.000000,0.000000,,,0,0
49350,0.287118,0.287118,0.000000,0.000000,0.000000,,,0,0
49400,0.295493,0.295493,0.000000,0.000000,0.000000,,,0,0
49450,0.289237,0.289237,0.000000,0.000000,0.000000,,,0,0
49500,0.287229,0.287229,0.000000,0.000000,0.000000,,,0,0
49550,0.304697,0.304697,0.000000,0.000000,0.000000,,,0,0
49600,0.289124,0.289124,0.000000,0.000000,0.000000,,,0,0
49650,0.287020,0.287020,0.000000,0.000000,0.000000,,,0,0
49700,0.301032,0.301032,0.000000,0.000000,0.000000,,,0,0
49750,0.287861,0.287861,0.000000,0.000000,0.000000,,,0,0
49800,0.291170,0.291170,0.000000,0.000000,0.000000,,,0,0
49850,0.294166,0.294166,0.000000,0.000000,0.000000,,,0,0
49900,0.294527,0.294527,0.000000,0.000000,0.000000,,,0,0
49950,0.289516,0.289516,0.000000,0.000000,0.000000,,,0,0
50000,0.289164,0.289164,0.000000,0.000000,0.000000,,,0,0
50000,,,,,,4.397487,0.472219,,
